{
  "physics_model": {
    "rmse": 0.5790251156793266,
    "mae": 0.26059530360545796,
    "r2": -0.1757279622138137,
    "low_alt_r2": -2.4251609023426695,
    "mid_alt_r2": -0.9829814204542173,
    "high_alt_r2": -0.031900036682541266
  },
  "risk_classifier": {
    "train_accuracy": 0.9994229659549914,
    "test_accuracy": 0.9986541049798116
  },
  "timestamp": "2025-11-02T07:07:20.494226",
  "training_satellites": [
    56118,
    46169,
    46293,
    48093,
    50040,
    53563,
    59051,
    59729,
    44942,
    45178,
    45120,
    45774
  ],
  "total_samples": 2703
}