{
  "model_metrics": {
    "train_rmse": 0.9338982420554776,
    "test_rmse": 3.845813016381234,
    "train_r2": 0.9823332593684356,
    "test_r2": -0.08502925684504459,
    "test_mae": 1.845446395380306,
    "feature_importance": {
      "altitude_current": 0.12587055563926697,
      "altitude_7d_decay": 0.26300591230392456,
      "altitude_30d_decay": 0.09585580974817276,
      "f107_current": 0.15941260755062103,
      "f107_7d_avg": 0.0324394591152668,
      "drag_vulnerability": 0.12788574397563934,
      "mean_motion_current": 0.06494908779859543,
      "eccentricity_current": 0.13058079779148102
    }
  },
  "dataset_info": {
    "total_samples": 3213,
    "num_satellites": 12,
    "altitude_min": 202.44,
    "altitude_max": 543.84,
    "altitude_mean": 388.01602552131965
  }
}